Anatomy,A
BodyRegions,A01
MusculoskeletalSystem,A02
DigestiveSystem,A03
RespiratorySystem,A04
UrogenitalSystem,A05
EndocrineSystem,A06
CardiovascularSystem,A07
NervousSystem,A08
SenseOrgans,A09
Tissues,A10
Cells,A11
FluidsandSecretions,A12
AnimalStructures,A13
StomatognathicSystem,A14
HemicandImmuneSystems,A15
EmbryonicStructures,A16
IntegumentarySystem,A17
PlantStructures,A18
FungalStructures,A19
BacterialStructures,A20
ViralStructures,A21
Organisms,B
Eukaryota,B01
Archaea,B02
Bacteria,B03
Viruses,B04
OrganismForms,B05
Diseases,C
BacterialInfectionsandMycoses,C01
VirusDiseases,C02
ParasiticDiseases,C03
Neoplasms,C04
MusculoskeletalDiseases,C05
DigestiveSystemDiseases,C06
StomatognathicDiseases,C07
RespiratoryTractDiseases,C08
OtorhinolaryngologicDiseases,C09
NervousSystemDiseases,C10
EyeDiseases,C11
MaleUrogenitalDiseases,C12
FemaleUrogenitalDiseasesandPregnancyComplications,C13
CardiovascularDiseases,C14
HemicandLymphaticDiseases,C15
Congenital,Hereditary,andNeonatalDiseasesandAbnormalities,C16
SkinandConnectiveTissueDiseases,C17
NutritionalandMetabolicDiseases,C18
EndocrineSystemDiseases,C19
ImmuneSystemDiseases,C20
DisordersofEnvironmentalOrigin,C21
AnimalDiseases,C22
PathologicalConditions,SignsandSymptoms,C23
OccupationalDiseases,C24
Chemically-InducedDisorders,C25
WoundsandInjuries,C26
ChemicalsandDrugs,D
InorganicChemicals,D01
OrganicChemicals,D02
HeterocyclicCompounds,D03
PolycyclicCompounds,D04
MacromolecularSubstances,D05
Hormones,HormoneSubstitutes,andHormoneAntagonists,D06
EnzymesandCoenzymes,D08
Carbohydrates,D09
Lipids,D10
AminoAcids,Peptides,andProteins,D12
NucleicAcids,Nucleotides,andNucleosides,D13
ComplexMixtures,D20
BiologicalFactors,D23
BiomedicalandDentalMaterials,D25
PharmaceuticalPreparations,D26
ChemicalActionsandUses,D27
Analytical,DiagnosticandTherapeuticTechniques,andEquipment,E
Diagnosis,E01
Therapeutics,E02
AnesthesiaandAnalgesia,E03
SurgicalProcedures,Operative,E04
InvestigativeTechniques,E05
Dentistry,E06
EquipmentandSupplies,E07
PsychiatryandPsychology,F
BehaviorandBehaviorMechanisms,F01
PsychologicalPhenomenaandProcesses,F02
MentalDisorders,F03
BehavioralDisciplinesandActivities,F04
PhenomenaandProcesses,G
PhysicalPhenomena,G01
ChemicalPhenomena,G02
Metabolism,G03
CellPhysiologicalPhenomena,G04
GeneticPhenomena,G05
MicrobiologicalPhenomena,G06
PhysiologicalPhenomena,G07
ReproductiveandUrinaryPhysiologicalPhenomena,G08
CirculatoryandRespiratoryPhysiologicalPhenomena,G09
DigestiveSystemandOralPhysiologicalPhenomena,G10
MusculoskeletalandNeuralPhysiologicalPhenomena,G11
ImmuneSystemPhenomena,G12
IntegumentarySystemPhysiologicalPhenomena,G13
OcularPhysiologicalPhenomena,G14
PlantPhysiologicalPhenomena,G15
BiologicalPhenomena,G16
MathematicalConcepts,G17
DisciplinesandOccupations,H
NaturalScienceDisciplines,H01
HealthOccupations,H02
Anthropology,Education,Sociology,andSocialPhenomena,I
SocialSciences,I01
Education,I02
HumanActivities,I03
Technology,Industry,andAgriculture,J
Technology,Industry,andAgriculture,J01
FoodandBeverages,J02
Non-MedicalPublicandPrivateFacilities,J03
Humanities,K
Humanities,K01
InformationScience,L
InformationScience,L01
NamedGroups,M
Persons,M01
HealthCare,N
PopulationCharacteristics,N01
HealthCareFacilities,Manpower,andServices,N02
HealthCareEconomicsandOrganizations,N03
HealthServicesAdministration,N04
HealthCareQuality,Access,andEvaluation,N05
EnvironmentandPublicHealth,N06
PublicationCharacteristics,V
PublicationComponents,V01
PublicationFormats,V02
StudyCharacteristics,V03
SupportofResearch,V04
Geographicals,Z
GeographicLocations,Z01